Key,Link To,Project Key,Link Project Key
ALPHA-770,BETA-595,ASBD,TBWL
BRAVOS-286,BRAVOS-307,APLAS,APLAS
CHARLIE-353,UNIFORMS-377,AUTS,SEPRS
CHARLIE-353,GAMMAS-49,AUTS,EAIS
CHARLIE-345,CHARLIE-306,AUTS,AUTS
CHARLIE-345,CHARLIE-306,AUTS,AUTS
DELTAO-195,DELTAO-154,BAIDO,BAIDO
DELTAO-190,DELTAO-154,BAIDO,BAIDO
DELTAO-184,DELTAO-154,BAIDO,BAIDO
DELTAO-183,DELTAO-154,BAIDO,BAIDO
DELTAO-176,DELTAO-154,BAIDO,BAIDO
DELTAO-175,DELTAO-154,BAIDO,BAIDO
DELTAO-174,DELTAO-154,BAIDO,BAIDO
DELTAO-173,DELTAO-154,BAIDO,BAIDO
DELTAO-172,DELTAO-154,BAIDO,BAIDO
DELTAO-171,DELTAO-154,BAIDO,BAIDO
DELTADO-29,EPSILONIWS-43,BAIDO,SICIWS
DELTADO-28,EPSILONIWS-95,BAIDO,SICIWS
ECHO1388,ECHO1644,BLUD,BLUD
ECHO1388,ECHO1651,BLUD,BLUD
ECHO1388,ECHO1648,BLUD,BLUD
ECHO1388,ECHO1649,BLUD,BLUD
ECHO1490,ECHO1593,BLUD,BLUD
ECHO1490,ECHO1597,BLUD,BLUD
ECHO1540,ECHO1553,BLUD,BLUD
ECHO1539,ECHO1553,BLUD,BLUD
ECHO1593,ECHO1387,BLUD,BLUD
ECHO1596,ECHO1553,BLUD,BLUD
ECHO1746,ECHO-933,BLUD,BLUD
ECHO1745,ECHO-933,BLUD,BLUD
ECHO1780,ECHO1781,BLUD,BLUD
ECHO1780,ECHO1782,BLUD,BLUD
FOXTROT-192,WHISKEYS-1222,CESS,TEAMGS
FOXTROT-191,XRAYS-308,CESS,THPHS
GOLF-35,GOLFP-1,DCP,DCP
GOLFP-5,GOLFP-2,DCP,DCP
GOLFP-5,GOLFP-2,DCP,DCP
HOTEL1610,HOTEL1611,DGPS,DGPS
HOTEL1609,HOTEL1610,DGPS,DGPS
HOTEL1608,HOTEL1609,DGPS,DGPS
HOTEL1607,HOTEL1608,DGPS,DGPS
HOTEL1606,HOTEL1607,DGPS,DGPS
HOTEL1605,HOTEL1606,DGPS,DGPS
HOTEL1604,HOTEL1605,DGPS,DGPS
HOTEL1603,HOTEL1604,DGPS,DGPS
HOTEL1602,HOTEL1603,DGPS,DGPS
HOTEL1601,HOTEL1602,DGPS,DGPS
HOTEL1600,HOTEL1601,DGPS,DGPS
HOTEL1599,HOTEL1600,DGPS,DGPS
HOTEL1597,HOTEL1599,DGPS,DGPS
HOTEL1594,HOTEL1595,DGPS,DGPS
HOTEL1594,HOTEL1596,DGPS,DGPS
HOTEL1593,HOTEL1594,DGPS,DGPS
HOTEL1666,HOTEL1667,DGPS,DGPS
HOTEL1663,HOTEL1666,DGPS,DGPS
HOTEL1658,HOTEL1659,DGPS,DGPS
HOTEL1657,HOTEL1658,DGPS,DGPS
HOTEL1656,HOTEL1657,DGPS,DGPS
HOTEL1655,HOTEL1656,DGPS,DGPS
HOTEL1650,HOTEL1655,DGPS,DGPS
HOTEL1649,HOTEL1650,DGPS,DGPS
HOTEL1648,HOTEL1649,DGPS,DGPS
HOTEL1648,HOTEL1660,DGPS,DGPS
HOTEL1647,HOTEL1648,DGPS,DGPS
HOTEL1646,HOTEL1647,DGPS,DGPS
HOTEL1645,HOTEL1646,DGPS,DGPS
HOTEL1644,HOTEL1645,DGPS,DGPS
HOTEL1641,HOTEL1644,DGPS,DGPS
HOTEL1640,HOTEL1641,DGPS,DGPS
HOTEL1639,HOTEL1640,DGPS,DGPS
HOTEL1638,HOTEL1639,DGPS,DGPS
HOTEL1637,HOTEL1638,DGPS,DGPS
HOTEL1636,HOTEL1637,DGPS,DGPS
HOTEL1635,HOTEL1636,DGPS,DGPS
HOTEL1634,HOTEL1635,DGPS,DGPS
HOTEL1633,HOTEL1634,DGPS,DGPS
HOTEL1632,HOTEL1633,DGPS,DGPS
HOTEL1631,HOTEL1632,DGPS,DGPS
HOTEL1630,HOTEL1631,DGPS,DGPS
HOTEL1629,HOTEL1630,DGPS,DGPS
HOTEL1628,HOTEL1629,DGPS,DGPS
HOTEL1627,HOTEL1628,DGPS,DGPS
HOTEL1626,HOTEL1627,DGPS,DGPS
HOTEL1624,HOTEL1625,DGPS,DGPS
HOTEL1623,HOTEL1624,DGPS,DGPS
HOTEL1621,HOTEL1623,DGPS,DGPS
HOTEL1620,HOTEL1621,DGPS,DGPS
HOTEL1620,HOTEL1626,DGPS,DGPS
HOTEL1619,HOTEL1620,DGPS,DGPS
HOTEL1617,HOTEL1619,DGPS,DGPS
HOTEL1696,HOTEL1697,DGPS,DGPS
HOTEL1695,HOTEL1696,DGPS,DGPS
HOTEL1694,HOTEL1695,DGPS,DGPS
HOTEL1693,HOTEL1694,DGPS,DGPS
HOTEL1692,HOTEL1693,DGPS,DGPS
HOTEL1691,HOTEL1692,DGPS,DGPS
HOTEL1688,HOTEL1689,DGPS,DGPS
HOTEL1687,HOTEL1688,DGPS,DGPS
HOTEL1686,HOTEL1687,DGPS,DGPS
HOTEL1685,HOTEL1686,DGPS,DGPS
HOTEL1683,HOTEL1698,DGPS,DGPS
HOTEL1682,HOTEL1683,DGPS,DGPS
HOTEL1681,HOTEL1682,DGPS,DGPS
HOTEL1680,HOTEL1681,DGPS,DGPS
HOTEL1679,HOTEL1680,DGPS,DGPS
HOTEL1676,HOTEL1677,DGPS,DGPS
HOTEL1675,HOTEL1676,DGPS,DGPS
HOTEL1674,HOTEL1675,DGPS,DGPS
HOTEL1673,HOTEL1674,DGPS,DGPS
HOTEL1672,HOTEL1673,DGPS,DGPS
HOTEL1669,HOTEL1670,DGPS,DGPS
HOTEL1668,HOTEL1669,DGPS,DGPS
HOTEL1667,HOTEL1668,DGPS,DGPS
HOTEL2063,HOTEL2288,DGPS,DGPS
INDIADS-322,INDIADS-265,DKMSDS,DKMSDS
INDIADS-385,INDIADS-378,DKMSDS,DKMSDS
JULIETT-271,JULIETT-270,GETS,GETS
JULIETT-271,VICTOR-476,GETS,SKPS
JULIETT-270,VICTOR-475,GETS,SKPS
JULIETT-270,XRAYS-308,GETS,THPHS
JULIETT-267,BRAVOS-260,GETS,APLAS
JULIETT-267,BRAVOS-203,GETS,APLAS
JULIETT-266,BRAVOS-259,GETS,APLAS
JULIETT-263,JULIETT-262,GETS,GETS
JULIETT-263,XRAYS-304,GETS,THPHS
JULIETT-262,XRAYS-304,GETS,THPHS
JULIETT-360,WHISKEYS-1495,GETS,TEAMGS
JULIETT-360,WHISKEYS-1495,GETS,TEAMGS
JULIETT-295,JULIETT-308,GETS,GETS
KILO1007,TANGO085,IBOS,PTS
KILO1006,TANGO970,IBOS,PTS
KILO1110,KILO1111,IBOS,IBOS
KILO1104,#VALUE!,IBOS,OCT
KILO1091,ETA2102,IBOS,CISP
KILO1191,TANGO507,IBOS,PTS
KILO1187,#VALUE!,IBOS,OCT
KILO1171,TANGO422,IBOS,PTS
KILO1169,THETA207,IBOS,VIS
KILO1130,IOTA-128,IBOS,ATTS
KILO1127,IOTAS-39,IBOS,ATTS
KILO1127,IOTA-105,IBOS,ATTS
KILO1127,IOTA-143,IBOS,ATTS
KILO1116,ETA2588,IBOS,CISP
KILO1268,HAPPA133,IBOS,BRE
KILO1261,HAPPA136,IBOS,BRE
KILO1251,KILO1308,IBOS,IBOS
KILO1249,TANGO835,IBOS,PTS
KILO1240,TANGO550,IBOS,PTS
KILO1204,LAMBDASS-6,IBOS,DMSS
KILO1203,GAMMA-812,IBOS,EAIS
KILO1201,MU-117,IBOS,FMFS
KILO1200,NU5549,IBOS,DEAA
KILO1199,ETA2628,IBOS,CISP
KILO1198,ETA2602,IBOS,CISP
KILO1193,ETA2272,IBOS,CISP
KILO1338,ETA2305,IBOS,CISP
KILO1336,LAMBDASS-4,IBOS,DMSS
KILO1335,TANGO415,IBOS,PTS
KILO1325,#VALUE!,IBOS,OCT
KILO1324,HAPPA198,IBOS,BRE
KILO1322,HAPPA197,IBOS,BRE
KILO1321,HAPPA197,IBOS,BRE
KILO1279,KILO1327,IBOS,IBOS
KILO1274,HAPPA186,IBOS,BRE
KILO-679,ETA1996,IBOS,CISP
KILO-833,XI00,IBOS,DH
KILO-826,OMICRONT-1538,IBOS,CUDEST
KILO-760,KILO-773,IBOS,IBOS
KILO-760,KILO-773,IBOS,IBOS
KILO-888,TANGO414,IBOS,PTS
KILO-884,ETA2274,IBOS,CISP
KILO-864,PI3467,IBOS,DSGT
KILO-857,TANGO741,IBOS,PTS
KILO-841,KILO-840,IBOS,IBOS
KILO-841,KILO1177,IBOS,IBOS
KILO-996,TANGO887,IBOS,PTS
KILO-981,ETA2354,IBOS,CISP
KILO-971,KILO1095,IBOS,IBOS
KILO-971,PI2191,IBOS,DSGT
KILO-969,ETA2102,IBOS,CISP
KILO-951,HAPPA048,IBOS,BRE
KILO-915,PI3356,IBOS,DSGT
LIMA-103,LIMA-258,INRS,INRS
LIMA-339,LIMA-337,INRS,INRS
LIMA-338,LIMA-336,INRS,INRS
LIMA-335,LIMA-334,INRS,INRS
LIMA-393,YANKEE-278,INRS,TRTS
MIKE299,KILO1102,LGS,IBOS
MIKE297,MIKE296,LGS,LGS
NOVEMBERS-189,NOVEMBERAS-67,MLAAS,MLAAS
NOVEMBERS-187,NOVEMBERS-303,MLAAS,MLAAS
NOVEMBERS-186,NOVEMBERAS-41,MLAAS,MLAAS
NOVEMBERAS-43,RHO-998,MLAAS,CONT
NOVEMBERAS-41,NOVEMBERAS-78,MLAAS,MLAAS
NOVEMBERAS-24,NOVEMBERAS-38,MLAAS,MLAAS
NOVEMBERAS-55,NOVEMBERAS-79,MLAAS,MLAAS
NOVEMBERAS-45,NOVEMBERAS-80,MLAAS,MLAAS
OSCARS-133,OSCARGS-77,MLBGS,MLBGS
OSCARGS-18,OSCARGS-19,MLBGS,MLBGS
OSCARGS-14,OSCARGS-15,MLBGS,MLBGS
PAPAS-35,PAPAS-28,MLUS,MLUS
PAPAUS-3,PAPAUS-1,MLUS,MLUS
PAPAUS-3,PAPAS-28,MLUS,MLUS
PAPAUS-3,PAPAUS-7,MLUS,MLUS
PAPAS-26,PAPAS-27,MLUS,MLUS
PAPAS-25,PAPAS-26,MLUS,MLUS
QUEBECHSQ-13,QUEBECHSQ-20,PACHSQ,PACHSQ
QUEBECSQ-239,QUEBECSQ-421,PACHSQ,PACHSQ
QUEBECSQ-387,QUEBECSQ-388,PACHSQ,PACHSQ
QUEBECSQ-386,QUEBECSQ-387,PACHSQ,PACHSQ
QUEBECSQ-450,QUEBECSQ-451,PACHSQ,PACHSQ
QUEBECSQ-448,QUEBECSQ-450,PACHSQ,PACHSQ
QUEBECSQ-447,QUEBECSQ-448,PACHSQ,PACHSQ
QUEBECSQ-446,QUEBECSQ-447,PACHSQ,PACHSQ
QUEBECSQ-435,QUEBECSQ-436,PACHSQ,PACHSQ
QUEBECSQ-434,QUEBECSQ-435,PACHSQ,PACHSQ
QUEBECSQ-433,QUEBECSQ-434,PACHSQ,PACHSQ
QUEBECSQ-428,QUEBECSQ-429,PACHSQ,PACHSQ
QUEBECSQ-427,QUEBECSQ-428,PACHSQ,PACHSQ
QUEBECSQ-426,QUEBECSQ-427,PACHSQ,PACHSQ
QUEBECSQ-425,QUEBECSQ-426,PACHSQ,PACHSQ
QUEBECSQ-424,QUEBECSQ-425,PACHSQ,PACHSQ
QUEBECSQ-421,QUEBECSQ-422,PACHSQ,PACHSQ
QUEBECSQ-416,QUEBECSQ-417,PACHSQ,PACHSQ
QUEBECSQ-416,QUEBECSQ-418,PACHSQ,PACHSQ
QUEBECSQ-415,QUEBECSQ-416,PACHSQ,PACHSQ
QUEBECSQ-414,QUEBECSQ-439,PACHSQ,PACHSQ
QUEBECSQ-414,QUEBECSQ-440,PACHSQ,PACHSQ
QUEBECSQ-414,QUEBECSQ-415,PACHSQ,PACHSQ
ROMEO-357,ROMEO-358,PRTS,PRTS
ROMEO-355,ROMEO-356,PRTS,PRTS
ROMEO-353,ROMEO-354,PRTS,PRTS
SIERRA051,YANKEE-308,ROT,TRTS
TANGO502,TANGO807,PTS,PTS
UNIFORMS-278,BRAVOS-215,SEPRS,APLAS
UNIFORMS-278,BRAVOS-208,SEPRS,APLAS
UNIFORMS-276,BRAVOS-208,SEPRS,APLAS
UNIFORMS-252,YANKEE-284,SEPRS,TRTS
UNIFORMS-252,YANKEE-285,SEPRS,TRTS
UNIFORMS-358,YANKEE-197,SEPRS,TRTS
UNIFORMS-358,UNIFORMS-293,SEPRS,SEPRS
UNIFORMS-358,UNIFORMS-294,SEPRS,SEPRS
UNIFORMS-358,UNIFORMS-295,SEPRS,SEPRS
UNIFORMS-358,UNIFORMS-297,SEPRS,SEPRS
UNIFORMS-358,UNIFORMS-298,SEPRS,SEPRS
UNIFORMS-358,UNIFORMS-299,SEPRS,SEPRS
UNIFORMS-358,UNIFORMS-331,SEPRS,SEPRS
UNIFORMS-358,UNIFORMS-296,SEPRS,SEPRS
UNIFORMS-345,UNIFORMS-329,SEPRS,SEPRS
UNIFORMS-345,YANKEE-227,SEPRS,TRTS
UNIFORMS-345,UNIFORMS-325,SEPRS,SEPRS
UNIFORMS-345,UNIFORMS-326,SEPRS,SEPRS
UNIFORMS-345,UNIFORMS-327,SEPRS,SEPRS
UNIFORMS-345,UNIFORMS-328,SEPRS,SEPRS
UNIFORMS-344,YANKEE-198,SEPRS,TRTS
UNIFORMS-340,LIMA-337,SEPRS,INRS
UNIFORMS-340,LIMA-339,SEPRS,INRS
UNIFORMS-333,UNIFORMS-340,SEPRS,SEPRS
UNIFORMS-329,YANKEE-227,SEPRS,TRTS
UNIFORMS-328,YANKEE-227,SEPRS,TRTS
UNIFORMS-327,YANKEE-227,SEPRS,TRTS
UNIFORMS-326,YANKEE-227,SEPRS,TRTS
UNIFORMS-325,YANKEE-227,SEPRS,TRTS
UNIFORMS-319,UNIFORMS-340,SEPRS,SEPRS
UNIFORMS-318,UNIFORMS-340,SEPRS,SEPRS
UNIFORMS-317,UNIFORMS-340,SEPRS,SEPRS
UNIFORMS-316,UNIFORMS-340,SEPRS,SEPRS
UNIFORMS-315,UNIFORMS-340,SEPRS,SEPRS
UNIFORMS-314,UNIFORMS-340,SEPRS,SEPRS
UNIFORMS-299,UNIFORMS-361,SEPRS,SEPRS
UNIFORMS-298,UNIFORMS-361,SEPRS,SEPRS
UNIFORMS-297,UNIFORMS-361,SEPRS,SEPRS
UNIFORMS-296,UNIFORMS-361,SEPRS,SEPRS
UNIFORMS-295,UNIFORMS-361,SEPRS,SEPRS
UNIFORMS-294,UNIFORMS-361,SEPRS,SEPRS
UNIFORMS-293,UNIFORMS-361,SEPRS,SEPRS
UNIFORMS-292,UNIFORMS-361,SEPRS,SEPRS
UNIFORMS-419,GAMMA-848,SEPRS,EAIS
UNIFORMS-414,YANKEE-374,SEPRS,TRTS
UNIFORMS-414,UNIFORMS-415,SEPRS,SEPRS
UNIFORMS-410,UNIFORMS-388,SEPRS,SEPRS
UNIFORMS-402,JULIETT-234,SEPRS,GETS
UNIFORMS-366,UNIFORMS-364,SEPRS,SEPRS
UNIFORMS-364,JULIETT-234,SEPRS,GETS
UNIFORMS-361,YANKEE-274,SEPRS,TRTS
UNIFORMS-361,UNIFORMS-294,SEPRS,SEPRS
UNIFORMS-361,UNIFORMS-295,SEPRS,SEPRS
UNIFORMS-361,UNIFORMS-297,SEPRS,SEPRS
UNIFORMS-361,UNIFORMS-298,SEPRS,SEPRS
VICTOR-476,FOXTROT-192,SKPS,CESS
VICTOR-475,WHISKEYS-1221,SKPS,TEAMGS
VICTOR-475,XRAYS-308,SKPS,THPHS
WHISKEYS-1032,SIGMA-538,TEAMGS,CMAS
WHISKEYS-1104,TAUA-382,TEAMGS,PYMCA
WHISKEYS-1103,TAUA-381,TEAMGS,PYMCA
WHISKEYS-1096,UPSILON-713,TEAMGS,OICW
WHISKEYS-1093,PHI-389,TEAMGS,WDCD
WHISKEYS-1068,CHI-926,TEAMGS,ONCW
WHISKEYS-1202,PSIP-619,TEAMGS,OMCWP
WHISKEYS-1181,OMEGA-373,TEAMGS,GOVA
WHISKEYS-1251,BETA-502,TEAMGS,TBWL
WHISKEYS-1221,FOXTROT-191,TEAMGS,CESS
WHISKEYS-1221,XRAYS-308,TEAMGS,THPHS
WHISKEYS-1216,REDS-889,TEAMGS,RTMCS
WHISKEYS-1352,WHISKEYS-1366,TEAMGS,TEAMGS
WHISKEYS-1347,GREENT-1663,TEAMGS,RTSMST
WHISKEYS-1346,YELLOW-563,TEAMGS,TRSC
WHISKEYS-1344,GREENT-1785,TEAMGS,RTSMST
WHISKEYS-1340,WHISKEYS-1492,TEAMGS,TEAMGS
WHISKEYS-1311,WHISKEYS-1496,TEAMGS,TEAMGS
WHISKEYS-1414,BLUE-158,TEAMGS,PSSD
WHISKEYS-1410,PHI-430,TEAMGS,WDCD
WHISKEYS-1407,WHITET-88,TEAMGS,RACT
WHISKEYS-1392,PHI-430,TEAMGS,WDCD
WHISKEYS-1391,PHI-430,TEAMGS,WDCD
WHISKEYS-1390,PHI-430,TEAMGS,WDCD
WHISKEYS-1388,BLACK1331,TEAMGS,AUAM
WHISKEYS-1387,BLACK1331,TEAMGS,AUAM
WHISKEYS-1386,BLACK1331,TEAMGS,AUAM
WHISKEYS-1381,TAUA-380,TEAMGS,PYMCA
WHISKEYS-1379,ORANGELM-505,TEAMGS,RTMCLM
WHISKEYS-1372,ORANGELM-604,TEAMGS,RTMCLM
WHISKEYS-1368,TAUA-379,TEAMGS,PYMCA
WHISKEYS-1361,WHISKEYS-1450,TEAMGS,TEAMGS
WHISKEYS-1361,WHISKEYS-1460,TEAMGS,TEAMGS
WHISKEYS-1360,WHISKEYS-1505,TEAMGS,TEAMGS
WHISKEYS-1360,WHISKEYS-1459,TEAMGS,TEAMGS
WHISKEYS-1359,WHISKEYS-1461,TEAMGS,TEAMGS
WHISKEYS-1469,BLUE-254,TEAMGS,PSSD
WHISKEYS-1464,ORANGELM-541,TEAMGS,RTMCLM
WHISKEYS-1462,BLUE-254,TEAMGS,PSSD
WHISKEYS-1446,WHISKEYS-1454,TEAMGS,TEAMGS
WHISKEYS-1445,BLUE-268,TEAMGS,PSSD
WHISKEYS-1445,BLUE-269,TEAMGS,PSSD
WHISKEYS-1437,INDIGO95,TEAMGS,GM
WHISKEYS-1418,WHISKEYS-1452,TEAMGS,TEAMGS
WHISKEYS-1509,BETA-821,TEAMGS,TBWL
WHISKEYS-1503,VIOLET512,TEAMGS,TPP
WHISKEYS-1497,WHISKEYS-1499,TEAMGS,TEAMGS
WHISKEYS-1493,WHISKEYS-1502,TEAMGS,TEAMGS
WHISKEYS-1490,UPSILON-713,TEAMGS,OICW
WHISKEYS-1487,PINK6915,TEAMGS,ODSY
WHISKEYS-1484,PURPLEB-142,TEAMGS,RTLCB
WHISKEYGS-386,BETA-695,TEAMGS,TBWL
WHISKEYGS-599,BROWNS-569,TEAMGS,RTCBS
WHISKEYGS-848,WHISKEYGS-987,TEAMGS,TEAMGS
WHISKEYGS-848,WHISKEYGS-987,TEAMGS,TEAMGS
WHISKEYGS-946,WHISKEYGS-995,TEAMGS,TEAMGS
WHISKEYGS-946,WHISKEYGS-995,TEAMGS,TEAMGS
WHISKEYGS-969,WHISKEYGS-996,TEAMGS,TEAMGS
WHISKEYGS-969,WHISKEYS-1000,TEAMGS,TEAMGS
WHISKEYGS-969,WHISKEYS-1000,TEAMGS,TEAMGS
XRAYS-267,GAMMA-347,THPHS,EAIS
WHISKEYGS-985,WHISKEYGS-996,TEAMGS,TEAMGS
WHISKEYGS-978,UPSILON-713,TEAMGS,OICW
WHISKEYGS-971,WHISKEYGS-997,TEAMGS,TEAMGS
WHISKEYGS-968,WHISKEYGS-990,TEAMGS,TEAMGS
WHISKEYGS-968,WHISKEYGS-990,TEAMGS,TEAMGS
YANKEE-198,YANKEE-243,TRTS,TRTS
YANKEE-320,YANKEE-321,TRTS,TRTS
YANKEE-320,YANKEE-322,TRTS,TRTS
YANKEE-320,YANKEE-323,TRTS,TRTS
YANKEE-319,YANKEE-320,TRTS,TRTS
YANKEE-308,SIERRA051,TRTS,ROT
YANKEE-302,YANKEE-303,TRTS,TRTS
YANKEE-301,YANKEE-302,TRTS,TRTS
YANKEE-300,YANKEE-301,TRTS,TRTS
YANKEE-292,YANKEE-293,TRTS,TRTS
YANKEE-278,YANKEE-279,TRTS,TRTS
YANKEE-273,LIMA-393,TRTS,INRS
YANKEE-235,YANKEE-239,TRTS,TRTS
YANKEE-228,YANKEE-235,TRTS,TRTS
YANKEE-379,YANKEE-380,TRTS,TRTS
YANKEE-375,UNIFORMS-414,TRTS,SEPRS
YANKEE-374,UNIFORMS-415,TRTS,SEPRS
YANKEE-373,UNIFORMS-407,TRTS,SEPRS
YANKEE-369,YANKEE-373,TRTS,TRTS
YANKEE-369,UNIFORMS-407,TRTS,SEPRS
YANKEE-439,KILO1340,TRTS,IBOS
YANKEE-439,KILO1340,TRTS,IBOS
YANKEE-437,YANKEE-438,TRTS,TRTS
YANKEE-435,YANKEE-436,TRTS,TRTS
YANKEE-435,YANKEE-437,TRTS,TRTS
YANKEE-405,YANKEE-407,TRTS,TRTS
YANKEE-405,YANKEE-421,TRTS,TRTS
YANKEE-403,YANKEE-435,TRTS,TRTS
YANKEE-398,WHISKEYGS-998,TRTS,TEAMGS
YANKEE-398,WHISKEYGS-998,TRTS,TEAMGS
YANKEE-395,KILO-911,TRTS,IBOS
YANKEE-395,KILO-911,TRTS,IBOS
